dataset,time,result
cars,0.05206755079561844,True
thermostat,0.03671976340701803,True
watertank,0.039885886409319934,True
railroad,0.23878741239896045,False
batteries,0.09396961060119793,True
pcv,1.194705381593667,True
mtl_requirements,0.6964506048010662,False
req_cps,1.9085725220036693,False
avionics,4.858856458996888,True
