dataset,time,result
cars,0.046171099005732685,True
thermostat,0.03327145780203864,True
watertank,0.039421545597724615,True
railroad,0.24085411060368642,False
batteries,0.09413741340395063,True
pcv,1.1750560997985304,True
mtl_requirements,0.6538758709910326,False
req_cps,1.8763784326030872,False
avionics,4.6202887604013085,True
